Area,"A00-R99,U00-Y89 All causes, all ages",F10-F19 Mental and behavioural disorders due to psychoactive substance use,G31.2 Degeneration of nervous system due to alcohol,G62.0 Drug-induced polyneuropathy,G62.1 Alcoholic polyneuropathy,G62.2 Polyneuropathy due to other toxic agents,G72.0 Drug-induced myopathy,G72.1 Alcoholic myopathy,G72.2 Myopathy due to other toxic agents,I42.6 Alcoholic cardiomyopathy,I42.7 Cardiomyopathy due to drugs and other external agents,K29.2 Alcoholic gastritis,K70 Alcoholic liver disease,"K73 Chronic hepatitis, not elsewhere classified",K74 Fibrosis and cirrhosis of liver,K74.2 Hepatic fibrosis with hepatic sclerosis,K85.2 Alcohol-induced acute pancreatitis,K86.0 Alcohol-induced chronic pancreatitis,"R78 Findings of drugs and other substances, not normally found in blood",X40-X49 Accidental poisoning by and exposure to noxious substances,X60-X84 Intentional self-harm,X85-Y09 Assault,"Y15 Poisoning by and exposure to alcohol, undetermined intent"
ladu:Darlington,1349,0,0,0,0,0,0,0,0,0,0,0,18,0,5,0,0,0,0,15,9,0,0
ladu:County Durham,6700,9,0,0,0,0,0,0,0,0,0,0,83,0,26,0,0,0,0,61,64,0,0
ladu:Hartlepool,1173,0,0,0,0,0,0,0,0,0,0,0,17,0,9,0,0,0,0,29,13,0,0
ladu:Middlesbrough,1686,5,0,0,0,0,0,0,0,0,0,0,25,0,5,0,0,0,0,35,25,0,0
ladu:Northumberland,3969,0,0,0,0,0,0,0,0,0,0,0,48,0,16,0,0,0,0,39,22,0,0
ladu:Redcar and Cleveland,1835,5,0,0,0,0,0,0,0,0,0,0,29,0,5,0,0,0,0,23,25,0,0
ladu:Stockton-on-Tees,2193,5,0,0,0,0,0,0,0,0,0,0,36,0,16,0,0,0,0,31,21,0,0
ladu:Gateshead,2512,0,0,0,0,0,0,0,0,0,0,0,24,0,10,0,0,0,0,26,21,0,0
ladu:Newcastle upon Tyne,2873,5,0,0,0,0,0,0,0,0,0,0,45,0,9,0,0,0,0,43,29,0,0
ladu:North Tyneside,2393,5,0,0,0,0,0,0,0,0,0,0,38,0,9,0,0,0,0,9,9,0,0
ladu:South Tyneside,1991,5,0,0,0,0,0,0,0,0,0,0,27,0,5,0,0,0,0,30,10,0,0
ladu:Sunderland,3554,5,0,0,0,0,0,0,0,0,0,0,51,0,17,0,0,0,0,32,43,0,0
ladu:Blackburn with Darwen,1525,0,0,0,0,0,0,0,0,0,0,0,21,0,5,0,0,0,0,20,13,0,0
ladu:Blackpool,2089,5,0,0,0,0,0,0,0,0,0,0,31,0,10,0,0,0,0,40,21,0,0
ladu:Cheshire East,4478,5,0,0,0,0,0,0,0,5,0,0,34,0,22,0,0,0,0,8,19,0,0
ladu:Cheshire West and Chester,3883,6,0,0,0,0,0,0,0,0,0,0,39,0,11,0,0,0,0,15,28,0,0
ladu:Halton,1380,0,0,0,0,0,0,0,0,0,0,0,13,0,6,0,0,0,0,16,9,0,0
ladu:Warrington,2226,0,0,0,0,0,0,0,0,0,0,0,22,0,10,0,0,0,0,5,10,0,0
ladu:Allerdale,1310,0,0,0,0,0,0,0,0,0,0,0,7,0,5,0,0,0,0,14,10,0,0
ladu:Barrow-in-Furness,915,0,0,0,0,0,0,0,0,0,0,0,9,0,0,0,0,0,0,14,13,0,0
ladu:Carlisle,1395,0,0,0,0,0,0,0,0,0,0,0,16,0,5,0,0,0,0,33,14,0,0
ladu:Copeland,877,0,0,0,0,0,0,0,0,0,0,0,5,0,5,0,0,0,0,12,12,0,0
ladu:Eden,606,0,0,0,0,0,0,0,0,0,0,0,5,0,0,0,0,0,0,0,10,0,0
ladu:South Lakeland,1515,0,0,0,0,0,0,0,0,0,0,0,11,0,10,0,0,0,0,8,7,0,0
ladu:Bolton,3132,8,0,0,0,0,0,0,0,0,0,0,49,0,7,0,0,0,0,20,16,0,0
ladu:Bury,2185,0,0,0,0,0,0,0,0,0,0,0,37,0,9,0,0,0,0,6,17,0,0
ladu:Manchester,4258,8,0,0,0,0,0,0,0,0,0,0,67,0,16,0,0,0,0,51,34,0,0
ladu:Oldham,2533,0,0,0,0,0,0,0,0,0,0,0,45,0,14,0,0,0,0,9,10,0,0
ladu:Rochdale,2505,5,0,0,0,0,0,0,0,5,0,0,47,0,5,0,0,0,0,21,17,0,0
ladu:Salford,2647,5,0,0,0,0,0,0,0,0,0,0,35,0,17,0,0,0,0,18,14,0,0
ladu:Stockport,3224,0,0,0,0,0,0,0,0,0,0,0,43,0,6,0,0,0,0,29,19,0,0
ladu:Tameside,2747,0,0,0,0,0,0,0,0,0,0,0,42,0,5,0,0,0,0,33,12,0,0
ladu:Trafford,2346,5,0,0,0,0,0,0,0,0,0,0,24,0,5,0,0,0,0,16,11,0,0
ladu:Wigan,3835,5,0,0,0,0,0,0,0,0,0,0,45,0,16,0,0,0,0,21,29,0,0
ladu:Burnley,1141,0,0,0,0,0,0,0,0,0,0,0,15,0,5,0,0,0,0,11,12,0,0
ladu:Chorley,1383,0,0,0,0,0,0,0,0,0,0,0,15,0,0,0,0,0,0,12,16,0,0
ladu:Fylde,1212,0,0,0,0,0,0,0,0,0,0,0,11,0,7,0,0,0,0,11,8,0,0
ladu:Hyndburn,936,0,0,0,0,0,0,0,0,0,0,0,8,0,6,0,0,0,0,9,9,0,0
ladu:Lancaster,1589,5,0,0,0,0,0,0,0,0,0,0,21,0,5,0,0,0,0,5,16,0,0
ladu:Pendle,1042,0,0,0,0,0,0,0,0,0,0,0,15,0,6,0,0,0,0,6,0,0,0
ladu:Preston,1518,0,0,0,0,0,0,0,0,0,0,0,27,0,0,0,0,0,0,19,16,0,0
ladu:Ribble Valley,747,0,0,0,0,0,0,0,0,0,0,0,5,0,0,0,0,0,0,0,8,0,0
ladu:Rossendale,778,0,0,0,0,0,0,0,0,0,0,0,8,0,0,0,0,0,0,5,10,0,0
ladu:South Ribble,1161,0,0,0,0,0,0,0,0,0,0,0,16,0,0,0,0,0,0,6,8,0,0
ladu:West Lancashire,1435,0,0,0,0,0,0,0,0,0,0,0,18,0,5,0,0,0,0,7,8,0,0
ladu:Wyre,1710,0,0,0,0,0,0,0,0,0,0,0,14,0,5,0,0,0,0,13,7,0,0
ladu:Knowsley,1810,0,0,0,0,0,0,0,0,0,0,0,22,0,5,0,0,0,0,19,10,0,0
ladu:Liverpool,5445,13,0,0,0,0,0,0,0,0,0,0,58,0,22,0,0,0,0,81,48,5,0
ladu:Sefton,4004,0,0,0,0,0,0,0,0,0,0,0,50,0,18,0,0,0,0,25,18,0,0
ladu:St. Helens,2187,0,0,0,0,0,0,0,0,0,0,0,36,0,15,0,0,0,0,20,11,0,0
ladu:Wirral,4281,16,0,0,0,0,0,0,0,0,0,0,48,0,13,0,0,0,0,43,38,0,0
ladu:East Riding of Yorkshire,4457,5,0,0,0,0,0,0,0,0,0,0,23,0,10,0,0,0,0,19,31,0,0
"ladu:Kingston upon Hull, City of",2866,6,0,0,0,0,0,0,0,0,0,0,30,0,9,0,0,0,0,52,23,0,0
ladu:North East Lincolnshire,1940,5,0,0,0,0,0,0,0,0,0,0,27,0,6,0,0,0,0,5,0,0,0
ladu:North Lincolnshire,1937,0,0,0,0,0,0,0,0,0,0,0,14,0,7,0,0,0,0,10,12,0,0
ladu:York,2032,0,0,0,0,0,0,0,0,0,0,0,16,0,0,0,0,0,0,20,22,0,0
ladu:Craven,752,0,0,0,0,0,0,0,0,0,0,0,5,0,5,0,0,0,0,0,5,0,0
ladu:Hambleton,1058,0,0,0,0,0,0,0,0,0,0,0,5,0,0,0,0,0,0,7,13,0,0
ladu:Harrogate,1873,5,0,0,0,0,0,0,0,0,0,0,20,0,0,0,0,0,0,7,16,0,0
ladu:Richmondshire,571,0,0,0,0,0,0,0,0,0,0,0,5,0,0,0,0,0,0,0,7,0,0
ladu:Ryedale,633,0,0,0,0,0,0,0,0,0,0,0,6,0,0,0,0,0,0,0,5,0,0
ladu:Scarborough,1536,5,0,0,0,0,0,0,0,0,0,0,12,0,7,0,0,0,0,20,11,0,0
ladu:Selby,828,5,0,0,0,0,0,0,0,0,0,0,5,0,0,0,0,0,0,5,6,0,0
ladu:Barnsley,3105,0,0,0,0,0,0,0,0,0,0,0,37,0,5,0,0,0,0,31,30,0,0
ladu:Doncaster,3828,9,0,0,0,0,0,0,0,0,0,0,40,0,10,0,0,0,0,35,29,0,0
ladu:Rotherham,3426,0,0,0,0,0,0,0,0,0,0,0,12,0,5,0,0,0,0,22,16,0,0
ladu:Sheffield,5794,25,0,0,0,0,0,0,0,0,0,0,84,0,6,0,0,0,0,56,51,0,0
ladu:Bradford,5456,11,0,0,0,0,0,0,0,0,0,0,63,0,16,0,5,0,0,34,38,0,0
ladu:Calderdale,2200,5,0,0,0,0,0,0,0,0,0,0,27,0,7,0,0,0,0,16,17,0,0
ladu:Kirklees,4572,7,0,0,0,0,0,0,0,0,0,0,53,0,11,0,0,0,0,32,38,0,0
ladu:Leeds,7482,21,0,0,0,0,0,0,0,0,0,0,90,0,21,0,0,0,0,64,71,0,0
ladu:Wakefield,4105,8,0,0,0,0,0,0,0,0,0,0,48,0,16,0,0,0,0,45,43,0,0
ladu:Derby,2750,5,0,0,0,0,0,0,0,0,0,0,43,0,7,0,0,0,0,24,16,0,0
ladu:Leicester,3037,7,0,0,0,0,0,0,0,0,0,0,41,0,9,0,0,0,0,34,27,5,0
ladu:Nottingham,2729,0,0,0,0,0,0,0,0,0,0,0,32,0,12,0,0,0,0,31,18,0,0
ladu:Rutland,423,0,0,0,0,0,0,0,0,0,0,0,5,0,0,0,0,0,0,0,0,0,0
ladu:Amber Valley,1503,0,0,0,0,0,0,0,0,0,0,0,19,0,5,0,0,0,0,8,11,0,0
ladu:Bolsover,965,0,0,0,0,0,0,0,0,0,0,0,10,0,5,0,0,0,0,9,9,0,0
ladu:Chesterfield,1281,0,0,0,0,0,0,0,0,0,0,0,10,0,5,0,0,0,0,12,14,0,0
ladu:Derbyshire Dales,869,0,0,0,0,0,0,0,0,0,0,0,8,0,0,0,0,0,0,0,11,0,0
ladu:Erewash,1372,0,0,0,0,0,0,0,0,0,0,0,10,0,5,0,0,0,0,7,10,0,0
ladu:High Peak,1062,5,0,0,0,0,0,0,0,0,0,0,12,0,5,0,0,0,0,9,8,0,0
ladu:North East Derbyshire,1317,0,0,0,0,0,0,0,0,0,0,0,7,0,5,0,0,0,0,7,10,0,0
ladu:South Derbyshire,1041,0,0,0,0,0,0,0,0,0,0,0,12,0,5,0,0,0,0,5,10,0,0
ladu:Blaby,987,0,0,0,0,0,0,0,0,0,0,0,6,0,0,0,0,0,0,7,5,0,0
ladu:Charnwood,1702,0,0,0,0,0,0,0,0,0,0,0,16,0,0,0,0,0,0,7,11,0,0
ladu:Harborough,992,0,0,0,0,0,0,0,0,0,0,0,6,0,0,0,0,0,0,7,5,0,0
ladu:Hinckley and Bosworth,1193,0,0,0,0,0,0,0,0,0,0,0,13,0,5,0,0,0,0,10,6,0,0
ladu:Melton,571,0,0,0,0,0,0,0,0,0,0,0,5,0,0,0,0,0,0,0,5,0,0
ladu:North West Leicestershire,1074,0,0,0,0,0,0,0,0,0,0,0,14,0,0,0,0,0,0,6,10,0,0
ladu:Oadby and Wigston,728,0,0,0,0,0,0,0,0,0,0,0,5,0,0,0,0,0,0,0,5,0,0
ladu:Boston,914,0,0,0,0,0,0,0,0,0,0,0,10,0,0,0,0,0,0,0,9,0,0
ladu:East Lindsey,2368,0,0,0,0,0,0,0,0,0,0,0,24,0,7,0,0,0,0,13,16,0,0
ladu:Lincoln,1027,0,0,0,0,0,0,0,0,0,0,0,9,0,5,0,0,0,0,15,12,0,0
ladu:North Kesteven,1392,0,0,0,0,0,0,0,0,0,0,0,9,0,0,0,0,0,0,5,9,0,0
ladu:South Holland,1187,0,0,0,0,0,0,0,0,0,0,0,11,0,5,0,0,0,0,6,5,0,0
ladu:South Kesteven,1593,0,0,0,0,0,0,0,0,0,0,0,7,0,6,0,0,0,0,9,12,0,0
ladu:West Lindsey,1165,0,0,0,0,0,0,0,0,0,0,0,5,0,5,0,0,0,0,0,9,0,0
ladu:Ashfield,1439,0,0,0,0,0,0,0,0,0,0,0,13,0,5,0,0,0,0,6,5,0,0
ladu:Bassetlaw,1451,0,0,0,0,0,0,0,0,0,0,0,14,0,6,0,0,0,0,8,11,0,0
ladu:Broxtowe,1271,0,0,0,0,0,0,0,0,0,0,0,12,0,5,0,0,0,0,7,9,0,0
ladu:Gedling,1384,0,0,0,0,0,0,0,0,0,0,0,6,0,5,0,0,0,0,5,5,0,0
ladu:Mansfield,1331,0,0,0,0,0,0,0,0,0,0,0,9,0,5,0,0,0,0,12,7,0,0
ladu:Newark and Sherwood,1400,0,0,0,0,0,0,0,0,0,0,0,13,0,5,0,0,0,0,0,9,0,0
ladu:Rushcliffe,1129,0,0,0,0,0,0,0,0,0,0,0,7,0,5,0,0,0,0,5,5,5,0
ladu:North Northamptonshire,3602,0,0,0,0,0,0,0,0,0,0,0,33,0,14,0,0,0,0,10,20,5,0
ladu:West Northamptonshire,3807,10,0,0,0,0,0,0,0,0,0,0,43,0,11,0,0,0,0,5,15,0,0
"ladu:Herefordshire, County of",2306,5,0,0,0,0,0,0,0,0,0,0,12,0,10,0,0,0,0,14,25,0,0
ladu:Shropshire,3912,5,0,0,0,0,0,0,0,0,0,0,44,0,6,0,0,0,0,17,37,0,0
ladu:Stoke-on-Trent,3072,9,0,0,0,0,0,0,0,0,0,0,33,0,11,0,0,0,0,32,27,0,0
ladu:Telford and Wrekin,1756,0,0,0,0,0,0,0,0,0,0,0,14,0,5,0,0,0,0,11,17,0,0
ladu:Cannock Chase,1060,5,0,0,0,0,0,0,0,0,0,0,12,0,5,0,0,0,0,8,11,0,0
ladu:East Staffordshire,1369,0,0,0,0,0,0,0,0,0,0,0,17,0,5,0,0,0,0,5,18,0,0
ladu:Lichfield,1277,0,0,0,0,0,0,0,0,0,0,0,10,0,0,0,0,0,0,5,9,0,0
ladu:Newcastle-under-Lyme,1556,0,0,0,0,0,0,0,0,0,0,0,17,0,5,0,0,0,0,10,8,0,0
ladu:South Staffordshire,1429,0,0,0,0,0,0,0,0,0,0,0,20,0,5,0,0,0,0,9,9,0,0
ladu:Stafford,1578,0,0,0,0,0,0,0,0,0,0,0,16,0,7,0,0,0,0,5,19,0,0
ladu:Staffordshire Moorlands,1282,0,0,0,0,0,0,0,0,0,0,0,12,0,0,0,0,0,0,8,8,0,0
ladu:Tamworth,775,0,0,0,0,0,0,0,0,0,0,0,11,0,0,0,0,0,0,0,7,0,0
ladu:North Warwickshire,841,0,0,0,0,0,0,0,0,0,0,0,5,0,6,0,0,0,0,0,5,0,0
ladu:Nuneaton and Bedworth,1512,0,0,0,0,0,0,0,0,0,0,0,18,0,5,0,0,0,0,7,9,0,0
ladu:Rugby,1115,0,0,0,0,0,0,0,0,0,0,0,9,0,5,0,0,0,0,8,10,0,0
ladu:Stratford-on-Avon,1599,0,0,0,0,0,0,0,0,0,0,0,9,0,8,0,0,0,0,6,10,0,0
ladu:Warwick,1444,0,0,0,0,0,0,0,0,0,0,0,9,0,5,0,0,0,0,7,12,0,0
ladu:Birmingham,10359,21,0,0,0,0,0,0,0,0,0,0,123,0,20,0,0,0,0,80,64,5,0
ladu:Coventry,3240,8,0,0,0,0,0,0,0,5,0,0,46,0,8,0,0,0,0,33,29,0,0
ladu:Dudley,3785,5,0,0,0,0,0,0,0,0,0,0,58,0,11,0,0,0,0,9,34,0,0
ladu:Sandwell,3656,6,0,0,0,0,0,0,0,5,0,0,64,0,13,0,5,0,0,15,33,5,0
ladu:Solihull,2513,5,0,0,0,0,0,0,0,0,0,0,26,0,7,0,0,0,0,11,20,0,0
ladu:Walsall,3187,5,0,0,0,0,0,0,0,0,0,0,30,0,5,0,0,0,0,13,23,0,0
ladu:Wolverhampton,3151,6,0,0,0,0,0,0,0,0,0,0,63,0,5,0,0,0,0,28,15,0,0
ladu:Bromsgrove,1205,0,0,0,0,0,0,0,0,0,0,0,8,0,5,0,0,0,0,5,5,0,0
ladu:Malvern Hills,1073,0,0,0,0,0,0,0,0,0,0,0,5,0,0,0,0,0,0,5,5,0,0
ladu:Redditch,876,0,0,0,0,0,0,0,0,0,0,0,14,0,0,0,0,0,0,6,8,0,0
ladu:Worcester,996,0,0,0,0,0,0,0,0,0,0,0,9,0,5,0,0,0,0,9,14,0,0
ladu:Wychavon,1468,0,0,0,0,0,0,0,0,0,0,0,11,0,9,0,0,0,0,5,15,0,0
ladu:Wyre Forest,1347,0,0,0,0,0,0,0,0,0,0,0,15,0,5,0,0,0,0,5,5,0,0
ladu:Bedford,1720,0,0,0,0,0,0,0,0,0,0,0,14,0,5,0,0,0,0,10,15,0,0
ladu:Central Bedfordshire,2510,6,0,0,0,0,0,0,0,0,0,0,18,0,7,0,0,0,0,12,16,0,0
ladu:Luton,1789,5,0,0,0,0,0,0,0,0,0,0,16,0,10,0,0,0,0,15,10,0,0
ladu:Peterborough,1715,0,0,0,0,0,0,0,0,0,0,0,16,0,5,0,0,0,0,18,15,0,0
ladu:Southend-on-Sea,2163,0,0,0,0,0,0,0,0,0,0,0,19,0,8,0,0,0,0,16,11,0,0
ladu:Thurrock,1470,0,0,0,0,0,0,0,0,0,0,0,5,0,0,0,0,0,0,5,10,0,0
ladu:Cambridge,819,0,0,0,0,0,0,0,0,0,0,0,10,0,0,0,0,0,0,7,5,0,0
ladu:East Cambridgeshire,854,0,0,0,0,0,0,0,0,0,0,0,5,0,0,0,0,0,0,5,5,0,0
ladu:Fenland,1314,0,0,0,0,0,0,0,0,0,0,0,7,0,5,0,0,0,0,10,11,0,0
ladu:Huntingdonshire,1671,0,0,0,0,0,0,0,0,0,0,0,17,0,6,0,0,0,0,6,12,0,0
ladu:South Cambridgeshire,1295,0,0,0,0,0,0,0,0,0,0,0,9,0,0,0,0,0,0,7,9,0,0
ladu:Basildon,1816,0,0,0,0,0,0,0,0,0,0,0,9,0,7,0,0,0,0,10,15,0,0
ladu:Braintree,1580,0,0,0,0,0,0,0,0,0,0,0,7,0,5,0,0,0,0,5,15,0,0
ladu:Brentwood,856,0,0,0,0,0,0,0,0,0,0,0,0,0,0,0,0,0,0,5,8,0,0
ladu:Castle Point,1186,0,0,0,0,0,0,0,0,0,0,0,9,0,0,0,0,0,0,5,7,0,0
ladu:Chelmsford,1628,0,0,0,0,0,0,0,0,0,0,0,12,0,7,0,0,0,0,6,10,0,0
ladu:Colchester,1643,0,0,0,0,0,0,0,0,0,0,0,14,0,8,0,0,0,0,21,14,0,0
ladu:Epping Forest,1477,0,0,0,0,0,0,0,0,0,0,0,9,0,5,0,0,0,0,0,12,0,0
ladu:Harlow,813,0,0,0,0,0,0,0,0,0,0,0,10,0,0,0,0,0,0,0,7,0,0
ladu:Maldon,742,0,0,0,0,0,0,0,0,0,0,0,7,0,0,0,0,0,0,0,5,0,0
ladu:Rochford,968,0,0,0,0,0,0,0,0,0,0,0,11,0,5,0,0,0,0,5,5,0,0
ladu:Tendring,2355,5,0,0,0,0,0,0,0,0,0,0,20,0,16,0,0,0,0,14,5,0,0
ladu:Uttlesford,814,0,0,0,0,0,0,0,0,0,0,0,6,0,0,0,0,0,0,5,10,0,0
ladu:Broxbourne,960,0,0,0,0,0,0,0,0,0,0,0,5,0,5,0,0,0,0,6,5,0,0
ladu:Dacorum,1441,0,0,0,0,0,0,0,0,0,0,0,19,0,7,0,0,0,0,6,9,0,0
ladu:East Hertfordshire,1311,0,0,0,0,0,0,0,0,0,0,0,15,0,5,0,0,0,0,5,10,0,0
ladu:Hertsmere,1162,0,0,0,0,0,0,0,0,0,0,0,6,0,0,0,0,0,0,0,11,0,0
ladu:North Hertfordshire,1291,0,0,0,0,0,0,0,0,0,0,0,9,0,8,0,0,0,0,0,6,0,0
ladu:St Albans,1321,0,0,0,0,0,0,0,0,0,0,0,7,0,5,0,0,0,0,5,10,0,0
ladu:Stevenage,810,0,0,0,0,0,0,0,0,0,0,0,5,0,5,0,0,0,0,7,7,0,0
ladu:Three Rivers,839,0,0,0,0,0,0,0,0,0,0,0,8,0,0,0,0,0,0,5,8,0,0
ladu:Watford,826,0,0,0,0,0,0,0,0,0,0,0,7,0,0,0,0,0,0,6,5,0,0
ladu:Welwyn Hatfield,1076,0,0,0,0,0,0,0,0,0,0,0,9,0,7,0,0,0,0,5,9,0,0
ladu:Breckland,1769,0,0,0,0,0,0,0,0,0,0,0,7,0,5,0,0,0,0,5,8,0,0
ladu:Broadland,1590,0,0,0,0,0,0,0,0,0,0,0,8,0,5,0,0,0,0,7,7,0,0
ladu:Great Yarmouth,1247,6,0,0,0,0,0,0,0,0,0,0,9,0,6,0,0,0,0,8,10,0,0
ladu:King's Lynn and West Norfolk,1975,0,0,0,0,0,0,0,0,0,0,0,8,0,12,0,0,0,0,11,11,0,0
ladu:North Norfolk,1668,5,0,0,0,0,0,0,0,0,0,0,7,0,6,0,0,0,0,5,9,0,0
ladu:Norwich,1308,0,0,0,0,0,0,0,0,0,0,0,11,0,0,0,0,0,0,24,13,0,0
ladu:South Norfolk,1486,0,0,0,0,0,0,0,0,0,0,0,0,0,5,0,0,0,0,11,5,0,0
ladu:Babergh,1151,0,0,0,0,0,0,0,0,0,0,0,5,0,5,0,0,0,0,8,7,0,0
ladu:Ipswich,1276,5,0,0,0,0,0,0,0,0,0,0,12,0,0,0,0,0,0,6,8,0,0
ladu:Mid Suffolk,1140,0,0,0,0,0,0,0,0,0,0,0,5,0,0,0,0,0,0,5,12,0,0
ladu:East Suffolk,3299,5,0,0,0,0,0,0,0,0,0,0,19,0,7,0,0,0,0,15,30,0,0
ladu:West Suffolk,1829,5,0,0,0,0,0,0,0,0,0,0,17,0,5,0,0,0,0,12,17,0,0
ladu:Camden,1307,6,0,0,0,0,0,0,0,5,0,0,16,0,5,0,0,0,0,15,22,0,0
ladu:City of London,43,0,0,0,0,0,0,0,0,0,0,0,0,0,0,0,0,0,0,0,0,0,0
ladu:Hackney,1392,5,0,0,0,0,0,0,0,0,0,0,16,0,5,0,0,0,0,23,23,5,0
ladu:Hammersmith and Fulham,1196,6,0,0,0,0,0,0,0,0,0,0,15,0,5,0,0,0,0,33,19,0,0
ladu:Haringey,1576,0,0,0,0,0,0,0,0,0,0,0,23,0,5,0,0,0,0,11,11,0,0
ladu:Islington,1223,0,0,0,0,0,0,0,0,0,0,0,17,0,5,0,0,0,0,20,13,0,0
ladu:Kensington and Chelsea,905,5,0,0,0,0,0,0,0,0,0,0,9,0,0,0,0,0,0,12,13,0,0
ladu:Lambeth,1774,5,0,0,0,0,0,0,0,0,0,0,18,0,5,0,0,0,0,10,7,0,0
ladu:Lewisham,1859,0,0,0,0,0,0,0,0,0,0,0,21,0,8,0,0,0,0,12,16,0,0
ladu:Newham,1819,0,0,0,0,0,0,0,0,0,0,0,25,0,5,0,0,0,0,16,20,0,0
ladu:Southwark,1614,7,0,0,0,0,0,0,0,0,0,0,17,0,5,0,0,0,0,15,17,0,0
ladu:Tower Hamlets,1297,5,0,0,0,0,0,0,0,0,0,0,20,0,6,0,0,0,0,7,12,0,0
ladu:Wandsworth,1767,5,0,0,0,0,0,0,0,0,0,0,15,0,5,0,0,0,0,12,16,0,0
ladu:Westminster,1356,5,0,0,0,0,0,0,0,0,0,0,8,0,7,0,0,0,0,17,19,0,0
ladu:Barking and Dagenham,1500,5,0,0,0,0,0,0,0,0,0,0,12,0,5,0,0,0,0,15,11,0,0
ladu:Barnet,2942,5,0,0,0,0,0,0,0,5,0,0,17,0,5,0,0,0,0,14,10,0,0
ladu:Bexley,2279,0,0,0,0,0,0,0,0,0,0,0,13,0,6,0,0,0,0,9,11,0,0
ladu:Brent,2240,0,0,0,0,0,0,0,0,0,0,0,21,0,7,0,0,0,0,12,12,0,0
ladu:Bromley,2883,5,0,0,0,0,0,0,0,0,0,0,14,0,13,0,0,0,0,5,7,0,0
ladu:Croydon,3051,5,0,0,0,0,0,0,0,0,0,0,27,0,9,0,0,0,0,13,14,0,0
ladu:Ealing,2506,0,0,0,0,0,0,0,0,0,0,0,25,0,13,0,0,0,0,23,20,0,0
ladu:Enfield,2552,0,0,0,0,0,0,0,0,5,0,0,16,0,8,0,0,0,0,10,13,0,0
ladu:Greenwich,1852,0,0,0,0,0,0,0,0,0,0,0,29,0,0,0,0,0,0,15,10,0,0
ladu:Harrow,1941,0,0,0,0,0,0,0,0,5,0,0,11,0,8,0,0,0,0,5,8,0,0
ladu:Havering,2871,0,0,0,0,0,0,0,0,0,0,0,17,0,12,0,0,0,0,14,19,0,0
ladu:Hillingdon,2327,0,0,0,0,0,0,0,0,0,0,0,21,0,5,0,0,0,0,13,19,0,0
ladu:Hounslow,1866,6,0,0,0,0,0,0,0,0,0,0,15,0,7,0,0,0,0,21,16,0,0
ladu:Kingston upon Thames,1190,0,0,0,0,0,0,0,0,0,0,0,7,0,0,0,0,0,0,9,7,0,0
ladu:Merton,1513,5,0,0,0,0,0,0,0,0,0,0,21,0,6,0,0,0,0,9,15,0,0
ladu:Redbridge,2261,0,0,0,0,0,0,0,0,0,0,0,18,0,14,0,0,0,0,9,17,0,0
ladu:Richmond upon Thames,1335,5,0,0,0,0,0,0,0,0,0,0,9,0,5,0,0,0,0,5,14,0,0
ladu:Sutton,1729,0,0,0,0,0,0,0,0,0,0,0,18,0,9,0,0,0,0,7,15,0,0
ladu:Waltham Forest,1722,0,0,0,0,0,0,0,0,0,0,0,16,0,11,0,0,0,0,7,13,0,0
ladu:Bracknell Forest,845,0,0,0,0,0,0,0,0,0,0,0,5,0,5,0,0,0,0,5,8,0,0
ladu:Brighton and Hove,2229,15,0,0,0,0,0,0,0,0,0,5,31,0,5,0,0,0,0,39,35,0,0
ladu:Isle of Wight,1964,5,0,0,0,0,0,0,0,0,0,0,18,0,6,0,0,0,0,9,9,0,0
ladu:Medway,2626,14,0,0,0,0,0,0,0,5,0,5,23,0,16,0,0,0,0,18,22,0,0
ladu:Milton Keynes,2040,5,0,0,0,0,0,0,0,0,0,0,28,0,7,0,0,0,0,17,26,0,0
ladu:Portsmouth,1754,5,0,0,0,0,0,0,0,0,0,0,25,0,5,0,0,0,0,14,9,0,0
ladu:Reading,1364,5,0,0,0,0,0,0,0,0,0,0,13,0,0,0,0,0,0,16,12,0,0
ladu:Slough,943,0,0,0,0,0,0,0,0,0,0,0,14,0,0,0,0,0,0,10,6,5,0
ladu:Southampton,2000,5,0,0,0,0,0,0,0,0,0,0,30,0,10,0,0,0,0,12,16,0,0
ladu:West Berkshire,1451,0,0,0,0,0,0,0,0,0,0,0,18,0,5,0,0,0,0,5,15,0,0
ladu:Windsor and Maidenhead,1413,0,0,0,0,0,0,0,0,0,0,0,14,0,5,0,0,0,0,5,7,0,0
ladu:Wokingham,1350,0,0,0,0,0,0,0,0,0,0,0,8,0,5,0,0,0,0,5,7,0,0
ladu:Buckinghamshire,4904,6,0,0,0,0,0,0,0,0,0,0,34,0,18,0,0,0,0,30,43,0,0
ladu:Eastbourne,1325,0,0,0,0,0,0,0,0,0,0,0,10,0,5,0,0,0,0,9,17,0,0
ladu:Hastings,1057,0,0,0,0,0,0,0,0,0,0,0,8,0,0,0,0,0,0,12,9,0,0
ladu:Lewes,1288,0,0,0,0,0,0,0,0,0,0,0,9,0,5,0,0,0,0,9,7,0,0
ladu:Rother,1521,0,0,0,0,0,0,0,0,0,0,0,6,0,5,0,0,0,0,5,8,0,0
ladu:Wealden,1880,5,0,0,0,0,0,0,0,0,0,0,9,0,5,0,0,0,0,5,12,0,0
ladu:Basingstoke and Deane,1590,5,0,0,0,0,0,0,0,0,0,0,25,0,0,0,0,0,0,5,14,0,0
ladu:East Hampshire,1269,0,0,0,0,0,0,0,0,0,0,0,15,0,5,0,0,0,0,5,7,0,0
ladu:Eastleigh,1207,0,0,0,0,0,0,0,0,0,0,0,12,0,5,0,0,0,0,5,14,0,0
ladu:Fareham,1328,0,0,0,0,0,0,0,0,0,0,0,9,0,6,0,0,0,0,5,5,0,0
ladu:Gosport,914,0,0,0,0,0,0,0,0,0,0,0,13,0,0,0,0,0,0,5,7,0,0
ladu:Hart,729,0,0,0,0,0,0,0,0,0,0,0,5,0,5,0,0,0,0,0,5,0,0
ladu:Havant,1535,0,0,0,0,0,0,0,0,0,0,0,11,0,5,0,0,0,0,6,13,0,0
ladu:New Forest,2394,0,0,0,0,0,0,0,0,0,0,0,25,0,5,0,0,0,0,8,7,0,0
ladu:Rushmoor,782,0,0,0,0,0,0,0,0,0,0,0,8,0,0,0,0,0,0,5,5,0,0
ladu:Test Valley,1295,5,0,0,0,0,0,0,0,0,0,0,11,0,0,0,0,0,0,0,8,0,0
ladu:Winchester,1173,0,0,0,0,0,0,0,0,0,0,0,7,0,0,0,0,0,0,5,6,0,0
ladu:Ashford,1334,5,0,0,0,0,0,0,0,0,0,0,5,0,7,0,0,0,0,8,20,0,0
ladu:Canterbury,1781,5,0,0,0,0,0,0,0,0,0,0,16,0,7,0,0,0,0,10,13,0,0
ladu:Dartford,984,0,0,0,0,0,0,0,0,0,0,0,6,0,5,0,0,0,0,5,9,0,0
ladu:Dover,1515,5,0,0,0,0,0,0,0,0,0,0,7,0,12,0,0,0,0,16,17,0,0
ladu:Gravesham,1114,0,0,0,0,0,0,0,0,0,0,0,11,0,8,0,0,0,0,5,9,0,0
ladu:Maidstone,1709,5,0,0,0,0,0,0,0,5,0,0,12,0,10,0,0,0,0,5,18,0,0
ladu:Sevenoaks,1222,0,0,0,0,0,0,0,0,0,0,0,7,0,0,0,0,0,0,5,12,0,0
ladu:Folkestone and Hythe,1487,0,0,0,0,0,0,0,0,0,0,0,15,0,5,0,0,0,0,8,12,0,0
ladu:Swale,1639,5,0,0,0,0,0,0,0,0,0,0,11,0,0,0,0,0,0,9,11,0,0
ladu:Thanet,2044,0,0,0,0,0,0,0,0,0,0,0,17,0,10,0,0,0,0,14,17,0,0
ladu:Tonbridge and Malling,1220,0,0,0,0,0,0,0,0,5,0,0,8,0,6,0,0,0,0,8,14,0,0
ladu:Tunbridge Wells,1184,0,0,0,0,0,0,0,0,0,0,0,5,0,5,0,0,0,0,5,11,0,0
ladu:Cherwell,1453,0,0,0,0,0,0,0,0,0,0,0,12,0,8,0,0,0,0,7,9,0,0
ladu:Oxford,998,0,0,0,0,0,0,0,0,0,0,0,11,0,8,0,0,0,0,8,10,0,0
ladu:South Oxfordshire,1291,5,0,0,0,0,0,0,0,0,0,0,8,0,5,0,0,0,0,8,8,0,0
ladu:Vale of White Horse,1248,0,0,0,0,0,0,0,0,0,0,0,12,0,5,0,0,0,0,5,11,0,0
ladu:West Oxfordshire,1156,0,0,0,0,0,0,0,0,0,0,0,10,0,5,0,0,0,0,10,14,0,0
ladu:Elmbridge,1234,5,0,0,0,0,0,0,0,0,0,0,8,0,5,0,0,0,0,5,10,0,0
ladu:Epsom and Ewell,710,0,0,0,0,0,0,0,0,0,0,0,0,0,0,0,0,0,0,5,7,0,0
ladu:Guildford,1182,0,0,0,0,0,0,0,0,0,0,0,7,0,5,0,0,0,0,7,17,0,0
ladu:Mole Valley,1072,0,0,0,0,0,0,0,0,0,0,0,7,0,5,0,0,0,0,5,11,0,0
ladu:Reigate and Banstead,1531,0,0,0,0,0,0,0,0,0,0,0,7,0,5,0,0,0,0,5,10,0,0
ladu:Runnymede,843,0,0,0,0,0,0,0,0,0,0,0,5,0,5,0,0,0,0,5,7,0,0
ladu:Spelthorne,954,0,0,0,0,0,0,0,0,0,0,0,7,0,6,0,0,0,0,5,5,0,0
ladu:Surrey Heath,951,0,0,0,0,0,0,0,0,0,0,0,5,0,5,0,0,0,0,0,10,0,0
ladu:Tandridge,949,0,0,0,0,0,0,0,0,0,0,0,5,0,5,0,0,0,0,5,7,0,0
ladu:Waverley,1371,0,0,0,0,0,0,0,0,0,0,0,5,0,0,0,0,0,0,5,12,0,0
ladu:Woking,958,5,0,0,0,0,0,0,0,0,0,0,9,0,5,0,0,0,0,5,13,0,0
ladu:Adur,732,0,0,0,0,0,0,0,0,0,0,0,5,0,5,0,0,0,0,0,6,0,0
ladu:Arun,2325,5,0,0,0,0,0,0,0,0,0,0,28,0,10,0,0,0,0,8,14,0,0
ladu:Chichester,1667,0,0,0,0,0,0,0,0,0,0,0,16,0,0,0,0,0,0,9,14,0,0
ladu:Crawley,825,0,0,0,0,0,0,0,0,0,0,0,12,0,5,0,0,0,0,5,9,0,0
ladu:Horsham,1551,0,0,0,0,0,0,0,0,0,0,0,11,0,5,0,0,0,0,5,10,0,0
ladu:Mid Sussex,1552,0,0,0,0,0,0,0,0,0,0,0,14,0,7,0,0,0,0,0,13,0,0
ladu:Worthing,1454,5,0,0,0,0,0,0,0,0,0,0,13,0,0,0,0,0,0,5,15,0,0
ladu:Bath and North East Somerset,1828,6,0,0,0,0,0,0,0,0,0,0,10,0,5,0,0,0,0,14,9,0,0
"ladu:Bristol, City of",3541,7,0,0,0,0,0,0,0,0,0,0,37,0,15,0,0,0,0,42,37,0,0
ladu:Cornwall,6536,6,0,0,0,0,0,0,0,0,0,0,55,0,22,0,0,0,0,46,70,5,0
ladu:Isles of Scilly,16,0,0,0,0,0,0,0,0,0,0,0,0,0,0,0,0,0,0,0,0,0,0
ladu:North Somerset,2546,0,0,0,0,0,0,0,0,0,0,0,33,0,9,0,0,0,0,16,11,0,0
ladu:Plymouth,2598,5,0,0,0,0,0,0,0,0,0,0,16,0,6,0,0,0,0,40,12,0,0
ladu:South Gloucestershire,2592,0,0,0,0,0,0,0,0,0,0,0,16,0,7,0,0,0,0,10,15,0,0
ladu:Swindon,1993,0,0,0,0,0,0,0,0,0,0,0,14,0,14,0,0,0,0,14,22,0,0
ladu:Torbay,1871,5,0,0,0,0,0,0,0,0,0,0,28,0,7,0,0,0,0,15,14,0,0
ladu:Wiltshire,5241,5,0,0,0,0,0,0,0,0,0,0,47,0,5,0,0,0,0,17,51,0,0
ladu:East Devon,1915,0,0,0,0,0,0,0,0,0,0,0,5,0,7,0,0,0,0,12,7,0,0
ladu:Exeter,1100,5,0,0,0,0,0,0,0,0,0,0,10,0,6,0,0,0,0,12,13,0,0
ladu:Mid Devon,874,0,0,0,0,0,0,0,0,0,0,0,8,0,5,0,0,0,0,5,7,0,0
ladu:North Devon,1175,5,0,0,0,0,0,0,0,0,0,0,10,0,0,0,0,0,0,6,8,0,0
ladu:South Hams,914,0,0,0,0,0,0,0,0,0,0,0,5,0,5,0,0,0,0,8,11,0,0
ladu:Teignbridge,1619,0,0,0,0,0,0,0,0,0,0,0,13,0,0,0,0,0,0,5,17,0,0
ladu:Torridge,866,0,0,0,0,0,0,0,0,0,0,0,5,0,5,0,0,0,0,5,5,0,0
ladu:West Devon,704,0,0,0,0,0,0,0,0,0,0,0,7,0,0,0,0,0,0,5,0,0,0
"ladu:Bournemouth, Christchurch and Poole",4632,6,0,0,0,0,0,0,0,0,0,0,41,0,11,0,0,0,0,37,38,0,0
ladu:Dorset,4956,5,0,0,0,0,0,0,0,0,0,0,41,0,5,0,5,0,0,21,33,0,0
ladu:Cheltenham,1344,0,0,0,0,0,0,0,0,0,0,0,10,0,6,0,0,0,0,11,12,0,0
ladu:Cotswold,1063,0,0,0,0,0,0,0,0,0,0,0,6,0,5,0,0,0,0,5,7,0,0
ladu:Forest of Dean,1014,0,0,0,0,0,0,0,0,0,0,0,11,0,5,0,0,0,0,14,5,0,0
ladu:Gloucester,1282,5,0,0,0,0,0,0,0,0,0,0,13,0,5,0,0,0,0,14,21,0,0
ladu:Stroud,1377,0,0,0,0,0,0,0,0,0,0,0,13,0,5,0,0,0,0,5,11,0,0
ladu:Tewkesbury,922,0,0,0,0,0,0,0,0,0,0,0,5,0,0,0,0,0,0,0,8,0,0
ladu:Mendip,1301,0,0,0,0,0,0,0,0,0,0,0,10,0,5,0,0,0,0,5,17,0,0
ladu:Sedgemoor,1503,0,0,0,0,0,0,0,0,0,0,0,15,0,5,0,0,0,0,13,8,0,0
ladu:South Somerset,1901,5,0,0,0,0,0,0,0,0,0,0,15,0,8,0,0,0,0,10,8,0,0
ladu:Somerset West and Taunton,1941,0,0,0,0,0,0,0,0,5,0,0,13,0,5,0,0,0,0,6,25,0,0
ladu:Isle of Anglesey,877,0,0,0,0,0,0,0,0,0,0,0,7,0,8,0,0,0,0,13,5,0,0
ladu:Gwynedd,1428,6,0,0,0,0,0,0,0,0,0,0,13,0,7,0,0,0,0,11,9,0,0
ladu:Conwy,1587,0,0,0,0,0,0,0,0,0,0,0,12,0,5,0,0,0,0,12,6,0,0
ladu:Denbighshire,1338,0,0,0,0,0,0,0,0,0,0,0,8,0,6,0,0,0,0,5,10,0,0
ladu:Flintshire,1765,0,0,0,0,0,0,0,0,0,0,0,18,0,11,0,0,0,0,7,7,0,0
ladu:Wrexham,1590,0,0,0,0,0,0,0,0,0,0,0,20,0,5,0,0,0,0,17,12,0,0
ladu:Powys,1725,5,0,0,0,0,0,0,0,0,0,0,6,0,0,0,0,0,0,8,13,0,0
ladu:Ceredigion,877,5,0,0,0,0,0,0,0,0,0,0,10,0,0,0,0,0,0,5,10,0,0
ladu:Pembrokeshire,1559,0,0,0,0,0,0,0,0,0,0,0,7,0,6,0,0,0,0,6,8,0,0
ladu:Carmarthenshire,2404,0,0,0,0,0,0,0,0,0,0,0,14,0,11,0,0,0,0,14,18,0,0
ladu:Swansea,3009,5,0,0,0,0,0,0,0,0,0,0,30,0,14,0,0,0,0,36,29,0,0
ladu:Neath Port Talbot,1902,7,0,0,0,0,0,0,0,0,0,0,31,0,9,0,0,0,0,11,14,0,0
ladu:Bridgend,1878,5,0,0,0,0,0,0,0,0,0,0,28,0,8,0,0,0,0,14,10,0,0
ladu:Vale of Glamorgan,1419,0,0,0,0,0,0,0,0,0,0,0,12,0,5,0,0,0,0,7,6,0,0
ladu:Cardiff,3142,5,0,0,0,0,0,0,0,0,0,0,38,0,8,0,0,0,0,13,17,0,0
ladu:Rhondda Cynon Taff,3104,5,0,0,0,0,0,0,0,0,0,0,32,0,7,0,0,0,0,14,13,0,0
ladu:Merthyr Tydfil,773,0,0,0,0,0,0,0,0,0,0,0,8,0,5,0,0,0,0,5,5,0,0
ladu:Caerphilly,2122,0,0,0,0,0,0,0,0,0,0,0,26,0,10,0,0,0,0,5,14,0,0
ladu:Blaenau Gwent,978,0,0,0,0,0,0,0,0,0,0,0,12,0,7,0,0,0,0,5,6,0,0
ladu:Torfaen,1165,0,0,0,0,0,0,0,0,0,0,0,5,0,5,0,0,0,0,0,5,0,0
ladu:Monmouthshire,1058,0,0,0,0,0,0,0,0,0,0,0,11,0,0,0,0,0,0,5,18,0,0
ladu:Newport,1699,0,0,0,0,0,0,0,0,0,0,0,15,0,8,0,0,0,0,5,14,0,0
,,,,,,,,,,,,,,,,,,,,,,,
